tag,Died,CoD
SLAM092,12/5/2017,Used in experiment
SLAM093,10/5/2016,"End of study, organs removed"
KL1796,12/11/2017,Used in experiment
KL0487,3/29/2017,DVR or Pathology
SLAM094,12/5/2017,Used in experiment
SLAM095,10/7/2016,Used in experiment
KL1788,7/18/2018,Died during procedure
KL0489,7/6/2018,Culled Per Vet
SLAM096,10/7/2016,Used in experiment
SLAM097,9/29/2016,"End of study, organs removed"
KL1797,12/5/2017,Used in experiment
KL1791,12/5/2017,Used in experiment
SLAM098,6/7/2018,Found dead
SLAM099,12/2/2017,Found dead
KL1792,4/9/2018,Culled
KL1793,6/14/2018,Culled Per Vet
SLAM100,10/7/2016,Used in experiment
KL1794,7/16/2017,Per PI
UV5541,12/5/2017,Used in experiment
UV5542,11/1/2017,DVR or Pathology
SLAM067,12/5/2017,Used in experiment
SLAM068,10/7/2016,Used in experiment
SLAM069,1/12/2018,DVR or Pathology
SLAM070,9/29/2016,"End of study, organs removed"
UV5136,12/5/2017,Used in experiment
UV5127,12/5/2017,Used in experiment
SLAM071,9/22/2016,Per PI
SLAM072,5/2/2017,DVR or Pathology
UV5124,10/19/2016,DVR or Pathology
UV5132,12/14/2016,Per PI
SLAM073,7/10/2017,Found dead
SLAM074,4/17/2018,Per PI
UV5133,4/13/2018,Found dead
UV5125,11/8/2017,Found dead
SLAM075,8/21/2017,Found dead
UV5135,5/17/2017,Per PI
SLAM051,9/28/2016,"End of study, organs removed"
SLAM052,12/5/2017,"End of study, organs removed"
UV5550,3/2/2018,Found dead
UV5138,3/2/2018,Culled
SLAM053,12/5/2017,"End of study, organs removed"
SLAM054,9/28/2016,"End of study, organs removed"
UV5139,1/7/2018,Found dead
UV5554,9/28/2017,Found dead
SLAM055,10/5/2016,"End of study, organs removed"
SLAM056,8/3/2017,DVR or Pathology
UV5120,5/2/2017,DVR or Pathology
UV5556,1/22/2018,Found dead
SLAM057,10/5/2016,"End of study, organs removed"
SLAM058,12/5/2017,"End of study, organs removed"
UV5557,12/22/2017,Found dead
UV5558,2/23/2018,Culled Per Vet
SLAM059,10/7/2016,Used in experiment
SLAM060,10/7/2016,Used in experiment
UV5126,12/5/2017,"End of study, organs removed"
UV5549,12/5/2017,"End of study, organs removed"
SLAM061,2/1/2018,DVR or Pathology
SLAM062,9/8/2017,Found dead
UV5121,5/16/2017,Found dead
UV5547,1/14/2018,Found dead
SLAM063,9/29/2016,"End of study, organs removed"
SLAM064,3/8/2018,Per PI
UV5122,3/2/2018,DVR or Pathology
UV5545,12/30/2017,Found dead
SLAM065,12/5/2017,Used in experiment
SLAM066,9/29/2016,"End of study, organs removed"
UV5137,7/27/2017,DVR or Pathology
UV5123,11/7/2017,Found dead
SLAM076,12/29/2017,Found dead
SLAM077,7/11/2017,Found dead
KL0490,12/9/2017,Found dead
KL1798,4/7/2016,Died during procedure
SLAM078,6/23/2018,Found dead
SLAM079,7/20/2017,Found dead
KL0492,8/23/2017,Culled Per Vet
KL0493,12/26/2017,Found dead
SLAM080,9/28/2016,"End of study, organs removed"
SLAM081,9/28/2016,"End of study, organs removed"
KL0494,5/17/2018,Per PI
KL0495,3/23/2018,Died during procedure
SLAM082,9/29/2016,"End of study, organs removed"
SLAM083,12/5/2017,"End of study, organs removed"
KL0496,12/5/2017,"End of study, organs removed"
KL0497,12/5/2017,"End of study, organs removed"
SLAM084,6/18/2018,Found dead
SLAM085,7/9/2018,Found dead
KL0498,3/23/2018,Died during procedure
KL0499,11/25/2017,Found dead
SLAM086,10/5/2016,"End of study, organs removed"
SLAM087,5/14/2018,Found dead
KL1799,2/8/2018,DVR or Pathology
KL1789,1/15/2018,Found dead
SLAM090,12/5/2017,"End of study, organs removed"
SLAM091,6/17/2018,Found dead
KL1787,7/29/2018,Found dead
KL0485,10/2/2017,Found dead
SLAM088,9/29/2016,"End of study, organs removed"
SLAM089,3/17/2016,Culled
KL0482,12/5/2017,"End of study, organs removed"
KL0483,9/25/2017,DVR or Pathology
SLAM043,2/4/2018,Found dead
SLAM044,8/25/2016,Found dead
AA7803,9/7/2017,Found dead
AA7806,8/24/2018,Per PI
SLAM045,9/29/2016,"End of study, organs removed"
SLAM046,11/19/2018,Culled Per Vet
AA8112,12/5/2017,"End of study, organs removed"
AA8111,12/5/2017,Used in experiment
SLAM047,11/14/2017,Found dead
SLAM048,9/29/2016,"End of study, organs removed"
AA8110,6/3/2018,Found dead
AA7800,7/24/2018,Per PI
SLAM049,12/5/2017,Used in experiment
SLAM050,10/7/2016,Used in experiment
AA7801,12/11/2017,Used in experiment
AA7802,12/5/2017,Used in experiment
SLAM042,4/22/2017,Found dead
SLAM001,9/28/2016,"End of study, organs removed"
SLAM002,12/5/2017,"End of study, organs removed"
FF9100,1/12/2018,DVR or Pathology
FF9101,6/12/2017,DVR or Pathology
SLAM003,9/28/2016,"End of study, organs removed"
SLAM004,12/5/2017,"End of study, organs removed"
FF9103,12/15/2018,Culled Per Vet
FF9104,5/9/2017,Found dead
SLAM005,6/27/2017,Found dead
SLAM006,12/5/2017,"End of study, organs removed"
FF9105,2/13/2017,Per PI
FF9106,2/10/2018,Found dead
SLAM007,10/21/2017,Found dead
SLAM008,6/21/2017,DVR or Pathology
FF9107,5/17/2018,Per PI
FF9298,4/26/2018,Per PI
SLAM25,10/7/2016,Used in experiment
FF9296,11/1/2017,DVR or Pathology
SLAM026,12/5/2017,"End of study, organs removed"
SLAM027,12/5/2017,"End of study, organs removed"
AA8100,11/16/2017,DVR or Pathology
AA8101,5/15/2017,Found dead
SLAM028,10/5/2016,"End of study, organs removed"
SLAM029,9/28/2016,"End of study, organs removed"
AA8116,11/13/2017,Found dead
AA8115,1/31/2018,Per PI
SLAM030,9/28/2016,"End of study, organs removed"
SLAM031,10/5/2016,"End of study, organs removed"
AA8118,5/11/2016,DVR or Pathology
AA8117,9/10/2016,Died during procedure
SLAM032,8/20/2018,Culled Per Vet
SLAM033,10/5/2016,"End of study, organs removed"
AA8109,10/18/2017,Found dead
AA8119,9/16/2018,Found dead
178695,11/16/2015,Cage flood
178696,11/16/2015,Cage flood
AA8102,2/5/2017,Found dead
SLAM041,12/5/2017,Used in experiment
SLAM034,2/5/2018,Found dead
SLAM035,9/28/2016,"End of study, organs removed"
AA7805,11/9/2017,Found dead
AA8108,9/27/2018,Per PI
SLAM036,11/8/2017,DVR or Pathology
SLAM037,10/7/2016,Used in experiment
AA8105,8/28/2017,Found dead
AA8106,4/2/2018,Per PI
SLAM038,11/23/2017,Found dead
SLAM039,12/5/2017,"End of study, organs removed"
AA8103,12/5/2017,"End of study, organs removed"
AA8104,6/6/2017,Found dead
SLAM009,9/18/2016,Found dead
SLAM010,2/21/2017,Found dead
FF9110,12/5/2017,"End of study, organs removed"
FF9111,7/26/2017,Culled Per Vet
SLAM011,12/11/2015,Euthanized
SLAM012,10/5/2016,"End of study, organs removed"
FF9112,12/5/2017,"End of study, organs removed"
FF9113,5/4/2017,DVR or Pathology
SLAM013,12/12/2016,Found dead
SLAM014,12/5/2017,Used in experiment
FF9299,1/12/2018,Found dead
FF9115,2/9/2018,Found dead
SLAM015,12/5/2017,Used in experiment
SLAM016,9/28/2016,"End of study, organs removed"
FF9116,12/5/2017,Used in experiment
FF9117,7/26/2017,Culled Per Vet
SLAM017,10/5/2016,"End of study, organs removed"
SLAM018,6/25/2018,Culled Per Vet
FF9118,12/1/2017,DVR or Pathology
FF9289,12/5/2017,Used in experiment
SLAM019,10/5/2016,"End of study, organs removed"
SLAM020,10/7/2016,Used in experiment
FF9297,2/3/2017,Found dead
FF9291,12/5/2017,Used in experiment
SLAM021,11/21/2017,Found dead
SLAM022,9/29/2016,"End of study, organs removed"
FF9292,10/10/2017,Found dead
FF9293,9/15/2017,Found dead
SLAM023,9/27/2016,Found dead
SLAM024,9/29/2016,"End of study, organs removed"
FF9294,3/12/2019,Culled
FF9295,12/1/2017,DVR or Pathology
SLAM177,5/17/2018,Found dead
SLAM178,4/21/2018,Found dead
179052,2/20/2018,Found dead
179053,1/22/2018,Found dead
SLAM179,7/7/2016,"End of study, organs removed"
SLAM180,6/27/2016,Euthanized
179056,8/20/2018,Per PI
179057,11/1/2017,Found dead
SLAM181,7/8/2016,"End of study, organs removed"
SLAM182,6/22/2018,Died during procedure
R,6/27/2016,Euthanized
179061,9/19/2018,"End of study, organs removed"
SLAM183,7/7/2016,"End of study, organs removed"
SLAM184,9/7/2017,DVR or Pathology
179064,7/22/2016,Per Vet
179065,3/23/2018,Died during procedure
SLAM185,6/29/2016,Euthanized
SLAM186,5/16/2018,Per PI
179068,3/22/2018,Died during procedure
179069,4/20/2018,Found dead
SLAM187,7/8/2016,"End of study, organs removed"
SLAM188,9/25/2017,DVR or Pathology
179072,5/4/2018,Per PI
179073,1/3/2018,Found dead
179074,5/30/2018,Found dead
179075,3/22/2018,Died during procedure
SLAM189,10/4/2017,Found dead
SLAM190,9/21/2018,"End of study, organs removed"
SLAM191,9/19/2018,"End of study, organs removed"
SLAM192,5/22/2017,Found dead
179080,9/9/2018,Found dead
179081,1/19/2018,Found dead
SLAM193,7/7/2016,"End of study, organs removed"
SLAM194,12/21/2017,Died during procedure
179084,2/7/2018,Found dead
179085,4/6/2018,Per PI
SLAM195,2/20/2018,Found dead
SLAM196,1/22/2018,Per PI
179088,6/2/2017,Found dead
179089,1/29/2018,Per PI
SLAM197,6/29/2016,Euthanized
SLAM198,9/4/2018,Per PI
179092,9/19/2018,"End of study, organs removed"
179093,3/8/2018,Not in room
SLAM199,6/27/2016,Euthanized
SLAM200,9/19/2018,"End of study, organs removed"
179096,6/22/2018,Died during procedure
179097,9/4/2018,Found dead
SLAM201,5/1/2017,Found dead
179099,4/4/2016,Found dead
179100,6/27/2016,Euthanized
SLAM152,6/29/2016,Euthanized
179102,11/24/2017,Found dead
SLAM153,6/27/2016,Euthanized
SLAM154,5/23/2018,Found dead
SLAM155,2/23/2018,Culled Per Vet
179106,4/9/2018,Found dead
179107,2/6/2018,Found dead
SLAM156,5/26/2018,Found dead
SLAM157,2/7/2018,DVR or Pathology
179110,7/11/2018,Per PI
179111,7/7/2016,"End of study, organs removed"
SLAM158,11/22/2017,DVR or Pathology
SLAM159,6/8/2017,Not in room
179114,6/29/2016,Euthanized
179115,8/6/2018,Found dead
SLAM160,7/8/2016,"End of study, organs removed"
SLAM161,7/11/2018,Culled Per Vet
179118,7/24/2018,Per PI
179119,9/20/2017,Found dead
SLAM162,7/8/2016,"End of study, organs removed"
SLAM163,1/18/2018,Found dead
179122,7/11/2017,DVR or Pathology
179123,8/6/2018,Found dead
SLAM164,9/13/2017,DVR or Pathology
SLAM165,3/29/2018,Found dead
179126,9/25/2017,DVR or Pathology
179127,9/20/2017,Per PI
SLAM166,6/27/2016,Euthanized
SLAM167,5/6/2018,Found dead
179130,6/23/2018,Found dead
179131,12/25/2017,Found dead
SLAM168,9/19/2018,"End of study, organs removed"
SLAM169,7/7/2016,"End of study, organs removed"
179134,9/19/2018,"End of study, organs removed"
179135,11/8/2017,DVR or Pathology
SLAM170,3/31/2016,Found dead
SLAM171,8/15/2018,Per PI
179138,3/31/2016,Found dead
179139,3/31/2016,Found dead
SLAM172,7/19/2018,Per PI
SLAM173,7/7/2016,"End of study, organs removed"
179142,3/7/2018,Found dead
179143,3/30/2018,Culled Per Vet
SLAM174,3/22/2018,Found dead
179145,6/3/2017,Found dead
SLAM175,8/28/2018,Culled Per Vet
179147,10/26/2016,DVR or Pathology
SLAM176,12/21/2017,Died during procedure
179149,8/15/2018,Per PI
SLAM127,7/8/2016,"End of study, organs removed"
SLAM128,3/17/2018,Found dead
179152,9/11/2018,Per PI
179153,7/7/2016,"End of study, organs removed"
SLAM129,4/18/2018,Per PI
SLAM130,6/7/2018,Culled Per Vet
179156,2/16/2018,Culled Per Vet
179157,9/6/2017,Found dead
SLAM131,9/19/2018,"End of study, organs removed"
SLAM132,6/16/2016,Found dead
179160,12/14/2017,Died during experiment
179161,6/6/2017,Found dead
SLAM133,2/3/2018,Found dead
SLAM134,9/21/2018,"End of study, organs removed"
179164,5/22/2017,Found dead
179165,7/16/2018,Found dead
179166,9/21/2018,"End of study, organs removed"
SLAM135,9/21/2018,"End of study, organs removed"
SLAM136,5/9/2018,Found dead
179169,9/21/2018,"End of study, organs removed"
SLAM137,9/19/2018,"End of study, organs removed"
SLAM138,4/25/2018,Per PI
179172,9/19/2018,"End of study, organs removed"
179173,6/29/2016,Euthanized
SLAM139,9/26/2018,Not in room
SLAM140,6/28/2018,Found dead
179176,9/19/2018,"End of study, organs removed"
179177,6/29/2016,Euthanized
SLAM141,6/29/2016,Euthanized
179179,8/31/2018,Died during procedure
SLAM142,5/16/2017,Found dead
179181,8/5/2018,Found dead
SLAM143,3/24/2016,Died during procedure
SLAM144,9/21/2018,"End of study, organs removed"
179184,6/22/2018,Died during procedure
179185,6/27/2016,Euthanized
SLAM145,5/25/2018,Found dead
SLAM146,7/4/2018,Found dead
179188,11/20/2017,Found dead
179189,7/8/2016,"End of study, organs removed"
SLAM147,9/18/2018,"End of study, organs removed"
SLAM148,7/7/2016,"End of study, organs removed"
179192,1/16/2018,Found dead
179193,2/18/2018,Found dead
SLAM149,6/19/2018,Per PI
SLAM150,6/27/2016,Euthanized
179196,9/26/2018,Not in room
179197,7/8/2016,"End of study, organs removed"
SLAM151,7/30/2018,Found dead
179199,8/31/2018,Culled Per Vet
SLAM101,4/10/2018,Found dead
SLAM102,3/30/2018,Found dead
179202,8/18/2017,DVR or Pathology
179203,10/10/2017,Found dead
SLAM103,6/29/2016,Euthanized
SLAM104,11/10/2017,Found dead
179206,3/16/2018,Culled
179207,6/2/2018,Found dead
SLAM105,9/18/2018,"End of study, organs removed"
SLAM106,9/18/2018,"End of study, organs removed"
179210,6/27/2016,Euthanized
179211,9/18/2018,"End of study, organs removed"
SLAM107,4/11/2018,Found dead
SLAM108,7/8/2016,"End of study, organs removed"
179214,5/22/2017,Found dead
179215,5/19/2018,Per PI
SLAM109,9/18/2018,"End of study, organs removed"
L,7/8/2016,Died during experiment
SLAM110,2/15/2018,Culled Per Vet
179219,7/12/2018,Found dead
SLAM111,5/13/2018,Found dead
SLAM112,6/28/2016,"End of study, organs removed"
179222,4/4/2018,Per PI
179223,11/12/2017,Found dead
SLAM113,2/10/2018,Found dead
SLAM114,10/10/2017,Found dead
179226,6/8/2018,Per PI
179227,9/18/2018,"End of study, organs removed"
SLAM115,6/13/2017,DVR or Pathology
SLAM116,11/3/2017,Found dead
179230,10/10/2017,DVR or Pathology
179231,5/12/2018,Found dead
SLAM117,7/8/2016,"End of study, organs removed"
SLAM118,2/7/2018,Found dead
179234,9/21/2018,"End of study, organs removed"
179235,5/7/2018,Found dead
SLAM119,6/19/2018,Per PI
SLAM120,9/12/2018,Culled
179238,9/12/2018,Found dead
179239,5/14/2018,Found dead
SLAM121,6/29/2016,Euthanized
SLAM122,12/11/2017,Found dead
179242,7/7/2016,"End of study, organs removed"
179243,4/10/2018,Found dead
SLAM123,5/9/2018,Culled Per Vet
SLAM124,9/21/2018,"End of study, organs removed"
179246,11/6/2017,Found dead
179247,7/7/2016,"End of study, organs removed"
SLAM125,6/27/2016,Euthanized
SLAM126,3/8/2018,Not in room
179250,10/23/2017,DVR or Pathology
SLAM206,1/30/2019,Found dead
SLAM207,10/19/2017,Used in experiment
179733,2/7/2018,Found dead
179734,12/18/2017,Found dead
SLAM224,10/20/2017,Used in experiment
SLAM225,6/25/2018,Found dead
179737,4/25/2019,Used in experiment
179738,5/6/2018,Found dead
SLAM210,7/24/2018,Found dead
179740,7/26/2017,Culled
SLAM211,5/3/2018,Found dead
179742,7/7/2018,Found dead
SLAM222,4/24/2019,Used in experiment
SLAM223,4/20/2017,Per PI
179745,1/9/2019,Per PI
179746,5/27/2018,Culled Per Vet
SLAM208,10/19/2017,Used in experiment
SLAM209,10/19/2017,Used in experiment
179749,3/23/2019,Found dead
179750,10/13/2018,Found dead
SLAM212,10/19/2017,Used in experiment
SLAM213,4/24/2019,Used in experiment
179753,12/15/2017,Found dead
179754,4/20/2018,Per PI
SLAM214,2/13/2019,Per PI
SLAM215,10/11/2018,Died during procedure
179757,8/3/2018,Culled Per Vet
179758,10/25/2018,Found dead
SLAM216,10/19/2017,Used in experiment
SLAM217,9/6/2017,Found dead
179761,1/2/2019,Culled Per Vet
179762,10/1/2019,Not in room
179763,11/15/2017,Found dead
179764,11/23/2018,Culled Per Vet
SLAM218,5/11/2017,DVR or Pathology
SLAM219,10/19/2017,Used in experiment
SLAM220,10/20/2017,Used in experiment
SLAM221,11/19/2018,Culled Per Vet
179769,2/12/2018,Found dead
179770,9/23/2018,Found dead
SLAM202,2/16/2018,Culled Per Vet
SLAM203,6/1/2018,Found dead
179773,11/7/2018,Found dead
179774,6/19/2018,Found dead
SLAM204,10/19/2017,Used in experiment
SLAM205,10/19/2017,Used in experiment
179777,12/31/2017,Found dead
179778,2/21/2018,Per PI
SLAM226,10/25/2017,Per PI
179780,12/19/2018,Found dead
179781,1/31/2019,Found dead
SLAM274,12/25/2018,Per PI
SLAM275,12/10/2018,Culled Per Vet
179784,9/3/2018,Found dead
SLAM271,10/20/2017,Used in experiment
179786,10/31/2018,Per PI
SLAM270,12/7/2018,Culled Per Vet
179788,12/13/2018,Per PI
SLAM268,10/19/2017,Used in experiment
SLAM269,10/19/2017,Used in experiment
179791,5/13/2018,Found dead
179792,5/13/2018,Found dead
179793,10/16/2018,Died during procedure
SLAM272,10/16/2018,Died during procedure
SLAM273,10/16/2018,Died during procedure
179796,8/31/2018,Culled Per Vet
SLAM260,4/11/2018,Found dead
SLAM261,4/26/2017,Found dead
179799,7/3/2018,Found dead
179800,7/12/2018,Found dead
SLAM266,11/11/2018,Found dead
SLAM267,11/16/2018,Culled Per Vet
179803,10/1/2019,Not in room
179804,11/22/2017,DVR or Pathology
SLAM258,7/10/2018,Per PI
SLAM259,10/19/2017,Used in experiment
179807,1/12/2019,Found dead
179808,3/20/2019,Found dead
SLAM264,10/17/2018,Not in room
SLAM265,10/20/2017,Used in experiment
179811,7/16/2018,Culled Per Vet
179812,1/3/2019,Culled Per Vet
SLAM256,10/19/2017,Used in experiment
SLAM257,6/29/2018,Culled Per Vet
179815,10/17/2018,Culled
179816,6/4/2018,Found dead
SLAM262,10/20/2017,Used in experiment
SLAM263,10/7/2016,DVR or Pathology
179819,1/31/2019,Found dead
179820,1/31/2019,Found dead
SLAM254,10/19/2017,Used in experiment
SLAM255,8/15/2018,Culled
179823,7/10/2018,Culled Per Vet
179824,10/19/2018,Found dead
SLAM252,10/19/2017,Used in experiment
SLAM253,10/19/2017,Used in experiment
179827,7/16/2018,Found dead
179828,7/13/2018,Found dead
SLAM276,4/5/2018,Found dead
179830,1/1/2017,Found dead
SLAM250,10/20/2017,Used in experiment
SLAM249,4/16/2018,Found dead
179833,3/2/2019,Found dead
179834,12/31/2018,Found dead
SLAM237,12/3/2016,Found dead
SLAM238,9/19/2018,Found dead
179837,9/25/2018,Per PI
179838,9/14/2018,Per PI
SLAM241,10/6/2018,Per PI
SLAM242,10/19/2017,Used in experiment
179841,4/23/2018,Found dead
179842,6/7/2018,Per PI
SLAM248,10/19/2017,Used in experiment
SLAM247,10/19/2017,Used in experiment
179845,4/25/2019,Used in experiment
179846,8/31/2018,Found dead
SLAM239,10/20/2017,Used in experiment
SLAM240,10/19/2017,Used in experiment
179849,4/25/2019,Used in experiment
179850,1/23/2018,Found dead
SLAM235,10/19/2017,Used in experiment
SLAM236,2/28/2019,Culled Per Vet
179853,4/24/2019,Used in experiment
179854,1/25/2019,Found dead
SLAM227,4/24/2019,Used in experiment
SLAM228,12/7/2018,Culled Per Vet
179857,12/5/2018,Found dead
179858,2/9/2018,Found dead
SLAM233,3/1/2019,Culled Per Vet
SLAM234,9/26/2018,Culled Per Vet
179861,10/1/2019,Not in room
179862,4/28/2018,Found dead
SLAM243,10/19/2017,Used in experiment
SLAM244,10/19/2017,Used in experiment
179865,11/1/2018,Per PI
179866,3/1/2019,Found dead
SLAM231,10/1/2019,Not in room
SLAM232,12/17/2018,Per PI
179869,6/11/2018,Found dead
179870,9/14/2018,Per PI
SLAM245,6/1/2018,Culled Per Vet
SLAM246,6/7/2018,Per PI
179873,12/4/2018,Culled Per Vet
179874,5/11/2018,Culled Per Vet
SLAM229,10/24/2018,Found dead
SLAM230,10/19/2017,Used in experiment
179877,2/8/2018,DVR or Pathology
179878,9/12/2018,Found dead
SLAM251,3/6/2019,Culled Per Vet
179880,3/8/2019,Culled Per Vet
SLAM291,10/19/2017,Used in experiment
SLAM292,10/10/2017,DVR or Pathology
179883,8/13/2018,Found dead
179884,4/22/2018,Found dead
SLAM293,9/23/2018,Found dead
SLAM294,10/20/2017,Used in experiment
179887,10/1/2019,Not in room
179888,12/21/2018,Culled Per Vet
SLAM289,9/9/2018,Found dead
SLAM290,12/6/2017,DVR or Pathology
179891,3/24/2017,DVR or Pathology
179892,3/24/2017,DVR or Pathology
SLAM281,2/4/2019,Culled Per Vet
SLAM282,4/25/2018,Found dead
179895,3/8/2018,Per PI
179896,8/19/2018,Found dead
SLAM287,5/23/2018,Found dead
SLAM288,9/26/2018,Not in room
179899,9/19/2018,Found dead
179900,8/13/2017,Found dead
SLAM295,7/28/2018,Found dead
SLAM296,10/19/2017,Used in experiment
179903,11/23/2018,Culled Per Vet
179904,4/26/2017,Found dead
SLAM277,6/24/2018,Culled Per Vet
SLAM278,1/12/2018,DVR or Pathology
179907,4/25/2018,Found dead
179908,10/5/2018,Culled Per Vet
SLAM285,10/19/2017,Used in experiment
SLAM286,7/26/2017,Culled Per Vet
179911,5/25/2018,Culled Per Vet
179912,12/28/2017,Found dead
SLAM279,10/19/2017,Used in experiment
SLAM280,10/19/2017,Used in experiment
179915,3/30/2018,Culled Per Vet
179916,2/18/2019,Per PI
SLAM283,10/19/2017,Used in experiment
SLAM284,1/2/2019,Culled Per Vet
179919,10/17/2018,Found dead
179920,12/18/2018,Found dead
SLAM297,6/28/2017,Per PI
SLAM298,10/17/2018,Found dead
179923,7/11/2018,Found dead
179924,6/7/2018,Culled Per Vet
SLAM299,10/20/2017,Used in experiment
SLAM300,6/26/2018,Culled Per Vet
179927,8/24/2018,Per PI
179928,12/1/2018,Per PI
SLAM301,10/19/2017,Used in experiment
179930,5/29/2018,Found dead
SLAM324,10/31/2018,Per PI
SLAM325,1/11/2019,Used in experiment
180356,1/11/2019,Used in experiment
180357,8/9/2018,Found dead
SLAM302,10/10/2018,"End of study, organs removed"
SLAM303,8/28/2018,Culled Per Vet
180360,10/1/2018,Found dead
180361,1/8/2019,Used in experiment
SLAM304,10/12/2018,"End of study, organs removed"
SLAM305,5/29/2018,Found dead
180364,7/1/2018,Found dead
180365,9/10/2018,Culled
SLAM306,10/12/2018,"End of study, organs removed"
SLAM307,1/8/2019,Used in experiment
180368,1/8/2019,Used in experiment
180369,2/27/2018,Found dead
SLAM308,5/3/2018,Died during experiment
SLAM309,10/12/2018,"End of study, organs removed"
180372,12/19/2018,Found dead
180373,1/11/2019,Used in experiment
SLAM310,1/11/2019,Used in experiment
SLAM311,10/12/2018,"End of study, organs removed"
180376,2/20/2018,Found dead
180377,12/8/2017,Euthanized
SLAM312,5/23/2017,Found dead
SLAM313,5/27/2018,Found dead
180380,1/11/2019,Used in experiment
180381,10/12/2018,"End of study, organs removed"
SLAM314,10/10/2018,"End of study, organs removed"
SLAM315,9/13/2018,Found dead
180384,10/31/2018,Not in room
180385,9/22/2018,Found dead
SLAM316,5/25/2018,Found dead
SLAM317,10/10/2018,"End of study, organs removed"
180388,1/11/2019,Used in experiment
180389,1/11/2019,Used in experiment
SLAM318,6/29/2018,Per PI
SLAM319,9/26/2016,Found dead
180392,6/29/2018,Per PI
180393,1/11/2018,undefined
SLAM320,10/10/2018,"End of study, organs removed"
SLAM321,3/28/2019,Not in room
180396,6/1/2018,Culled Per Vet
180397,10/1/2019,Not in room
SLAM322,10/10/2018,"End of study, organs removed"
SLAM323,1/9/2019,Used in experiment
180400,1/3/2019,Culled Per Vet
180401,1/30/2018,Found dead
SLAM326,1/24/2018,DVR or Pathology
180403,10/1/2018,Found dead
SLAM349,5/8/2018,Culled Per Vet
SLAM350,10/10/2018,"End of study, organs removed"
180406,10/4/2018,Found dead
180407,10/6/2018,Found dead
SLAM327,10/12/2018,"End of study, organs removed"
SLAM328,10/10/2018,"End of study, organs removed"
180410,10/5/2018,Culled Per Vet
180411,6/22/2018,Found dead
SLAM329,10/12/2018,"End of study, organs removed"
SLAM330,10/29/2017,Found dead
180414,11/13/2018,Culled Per Vet
180415,9/21/2017,Found dead
SLAM331,10/12/2018,"End of study, organs removed"
SLAM332,12/7/2018,Culled Per Vet
180418,4/11/2017,Found dead
180419,3/28/2018,Found dead
SLAM333,2/10/2017,Found dead
SLAM334,5/10/2018,Per PI
180422,1/11/2019,Used in experiment
180423,12/26/2018,Found dead
SLAM335,5/8/2018,Found dead
SLAM336,8/14/2018,Found dead
180426,1/8/2019,Used in experiment
180427,10/2/2017,Found dead
SLAM337,5/2/2018,Found dead
SLAM338,12/21/2016,Found dead
180430,9/6/2018,Found dead
180431,5/15/2018,Culled Per Vet
SLAM339,1/11/2019,Used in experiment
SLAM340,3/9/2018,Per PI
180434,10/12/2018,"End of study, organs removed"
180435,1/14/2018,Found dead
SLAM341,3/9/2018,Found dead
SLAM342,8/20/2018,Found dead
180438,12/4/2017,Culled Per Vet
180439,9/2/2018,Found dead
SLAM343,10/12/2018,"End of study, organs removed"
SLAM344,10/10/2018,"End of study, organs removed"
180442,5/23/2018,Found dead
180443,2/13/2018,Died during procedure
SLAM345,6/13/2018,Found dead
SLAM346,10/10/2018,"End of study, organs removed"
180446,4/3/2018,Found dead
180447,1/9/2019,Used in experiment
SLAM347,9/7/2018,Culled Per Vet
SLAM348,10/10/2018,"End of study, organs removed"
180450,5/9/2018,Died during experiment
180451,5/22/2018,Found dead
SLAM351,11/19/2018,Found dead
180453,11/19/2018,Found dead
SLAM389,6/21/2017,DVR or Pathology
SLAM390,10/12/2018,"End of study, organs removed"
180456,10/12/2018,"End of study, organs removed"
180457,8/11/2017,DVR or Pathology
SLAM391,10/11/2018,"End of study, organs removed"
SLAM392,1/11/2019,Used in experiment
180460,1/11/2019,Used in experiment
180461,3/14/2018,Per PI
SLAM393,4/3/2018,Died during procedure
SLAM394,3/18/2018,Found dead
180464,10/9/2018,Per PI
180465,6/1/2018,Found dead
SLAM395,10/2/2018,Culled Per Vet
SLAM396,8/1/2018,Culled Per Vet
180468,8/10/2018,Found dead
180469,5/7/2019,Not in room
SLAM397,5/14/2018,Found dead
SLAM398,10/12/2018,"End of study, organs removed"
180472,6/29/2018,Found dead
180473,1/6/2017,Found dead
SLAM399,9/27/2017,DVR or Pathology
SLAM400,9/26/2018,Culled Per Vet
180476,10/12/2018,"End of study, organs removed"
180477,2/7/2018,Found dead
SLAM401,4/19/2018,Per PI
SLAM352,8/10/2018,Culled Per Vet
180480,8/28/2018,Culled Per Vet
180481,9/26/2018,Per PI
SLAM353,10/11/2018,"End of study, organs removed"
SLAM354,10/11/2018,"End of study, organs removed"
180484,1/11/2019,Used in experiment
180485,11/4/2018,Found dead
SLAM355,1/8/2019,Used in experiment
SLAM356,1/8/2019,Used in experiment
180488,7/28/2018,Found dead
180489,1/8/2019,Used in experiment
SLAM357,5/8/2018,Culled Per Vet
SLAM358,10/11/2018,"End of study, organs removed"
180492,1/11/2019,Used in experiment
180493,10/11/2018,"End of study, organs removed"
SLAM359,9/22/2018,Found dead
SLAM360,12/22/2018,Found dead
180496,3/27/2018,Found dead
180497,1/9/2019,Used in experiment
SLAM361,1/11/2019,Used in experiment
SLAM362,11/25/2018,Found dead
180500,1/11/2019,Used in experiment
180501,8/24/2017,Per PI
SLAM363,9/20/2018,Per PI
180503,2/27/2018,Found dead
SLAM364,4/19/2018,Found dead
SLAM365,7/3/2018,Died during procedure
180512,7/18/2018,Found dead
180513,2/20/2018,Found dead
SLAM366,10/9/2018,Per PI
SLAM367,10/8/2018,Found dead
180516,8/13/2018,Found dead
180517,10/12/2018,"End of study, organs removed"
SLAM368,7/3/2018,Died during procedure
SLAM369,12/6/2018,Per PI
180520,1/8/2019,Used in experiment
180521,12/23/2018,Found dead
SLAM370,8/11/2017,DVR or Pathology
SLAM371,10/19/2016,Not in room
180524,10/19/2016,Not in room
180525,10/19/2016,Not in room
SLAM372,10/9/2018,Per PI
SLAM373,4/26/2018,Found dead
180528,12/5/2018,Found dead
180529,11/10/2018,Found dead
SLAM374,5/9/2018,DVR or Pathology
SLAM375,10/12/2018,"End of study, organs removed"
180532,8/12/2018,Found dead
180533,3/28/2019,Used in experiment
SLAM376,1/12/2018,DVR or Pathology
SLAM377,3/2/2018,DVR or Pathology
180536,5/8/2018,Found dead
180537,10/11/2018,"End of study, organs removed"
SLAM378,8/1/2018,Culled Per Vet
SLAM379,5/8/2018,Found dead
180540,9/17/2018,Found dead
180541,10/16/2018,Found dead
SLAM380,6/5/2018,Found dead
SLAM381,4/8/2018,Found dead
180544,7/7/2018,Per PI
180545,11/8/2018,Found dead
SLAM382,10/11/2018,"End of study, organs removed"
SLAM383,9/27/2018,Found dead
180548,9/27/2018,Found dead
180549,1/11/2019,Used in experiment
SLAM384,10/11/2018,"End of study, organs removed"
SLAM385,8/20/2018,Found dead
180552,10/24/2018,Found dead
180553,9/22/2018,Found dead
SLAM386,10/11/2018,"End of study, organs removed"
SLAM387,9/4/2018,Not in room
180556,1/11/2019,Used in experiment
180557,1/11/2019,Used in experiment
SLAM388,10/11/2018,"End of study, organs removed"
180559,12/7/2018,Culled Per Vet
SLAM447,6/3/2019,Per PI
SLAM448,4/16/2019,Found dead
SLAM449,5/8/2019,Found dead
180909,10/8/2018,Found dead
SLAM450,1/22/2019,Found dead
SLAM451,12/15/2018,Found dead
SLAM452,3/24/2017,"End of study, organs removed"
180913,7/9/2019,"End of study, organs removed"
SLAM453,4/2/2019,Not in room
SLAM454,6/24/2018,Found dead
SLAM455,3/28/2017,"End of study, organs removed"
180917,10/21/2018,Found dead
SLAM456,3/23/2017,Used in experiment
SLAM457,7/9/2019,"End of study, organs removed"
SLAM458,7/9/2019,"End of study, organs removed"
180921,12/17/2018,Found dead
SLAM459,4/23/2019,Not in room
SLAM460,3/17/2019,Found dead
SLAM461,6/14/2018,Found dead
180925,12/24/2018,Found dead
SLAM462,3/28/2017,"End of study, organs removed"
SLAM463,9/28/2017,Found dead
SLAM464,5/26/2019,Per PI
180929,10/1/2019,Not in room
SLAM465,10/1/2019,Not in room
SLAM466,3/24/2017,"End of study, organs removed"
SLAM467,3/28/2017,"End of study, organs removed"
180933,10/29/2018,Not in room
SLAM468,3/23/2017,Used in experiment
SLAM469,11/16/2018,Culled Per Vet
SLAM470,6/7/2019,Found dead
180937,12/4/2018,Culled Per Vet
SLAM471,10/7/2019,Per PI
SLAM472,2/14/2019,Found dead
SLAM473,4/12/2019,Found dead
180941,8/20/2018,Found dead
SLAM474,4/7/2017,"End of study, organs removed"
SLAM475,9/19/2018,Found dead
SLAM476,4/30/2018,Found dead
180945,12/10/2018,Culled Per Vet
SLAM477,3/23/2017,Used in experiment
SLAM478,4/7/2017,"End of study, organs removed"
SLAM479,7/10/2019,"End of study, organs removed"
180949,11/9/2018,Per PI
SLAM480,6/2/2018,Found dead
SLAM481,12/17/2018,Found dead
SLAM482,6/23/2017,Culled Per Vet
180953,1/28/2019,Per PI
SLAM483,1/11/2017,"End of study, organs removed"
SLAM484,1/11/2017,"End of study, organs removed"
SLAM485,1/11/2017,Used in experiment
180957,1/11/2017,Used in experiment
SLAM486,1/11/2017,"End of study, organs removed"
SLAM487,1/11/2017,"End of study, organs removed"
SLAM488,1/11/2017,"End of study, organs removed"
180961,1/11/2017,Used in experiment
SLAM489,12/3/2016,"End of study, organs removed"
SLAM490,12/3/2016,"End of study, organs removed"
SLAM491,12/3/2016,"End of study, organs removed"
180965,12/3/2016,"End of study, organs removed"
SLAM402,6/26/2019,Found dead
SLAM403,3/12/2019,Culled Per Vet
SLAM404,7/9/2019,Not in room
180969,7/9/2019,"End of study, organs removed"
SLAM405,3/28/2017,"End of study, organs removed"
SLAM406,7/9/2019,"End of study, organs removed"
SLAM407,4/25/2018,Per PI
180973,12/22/2018,Found dead
SLAM408,3/24/2017,"End of study, organs removed"
SLAM409,9/26/2018,Found dead
SLAM410,8/2/2019,Per PI
180977,10/11/2018,Found dead
SLAM411,1/8/2019,Per PI
SLAM412,3/26/2019,Culled Per Vet
SLAM413,7/9/2019,"End of study, organs removed"
180981,10/23/2018,Culled Per Vet
SLAM414,5/29/2019,Found dead
SLAM415,3/24/2017,"End of study, organs removed"
SLAM416,3/28/2017,"End of study, organs removed"
180985,6/11/2019,Per PI
SLAM417,6/26/2018,Found dead
SLAM418,3/24/2017,"End of study, organs removed"
SLAM419,7/9/2019,"End of study, organs removed"
180989,4/23/2019,Culled Per Vet
SLAM420,4/27/2019,Found dead
SLAM421,6/1/2018,Culled Per Vet
SLAM422,3/28/2017,"End of study, organs removed"
180993,4/17/2019,Found dead
SLAM423,11/28/2018,Culled Per Vet
SLAM424,1/22/2019,Not in room
SLAM425,7/10/2019,"End of study, organs removed"
180997,6/3/2019,Found dead
SLAM426,7/17/2018,DVR or Pathology
SLAM427,7/10/2019,"End of study, organs removed"
SLAM428,3/24/2017,"End of study, organs removed"
181001,12/27/2018,Culled Per Vet
SLAM429,2/24/2019,Found dead
SLAM430,4/10/2019,Found dead
SLAM431,4/17/2019,Culled Per Vet
181005,12/28/2018,Found dead
SLAM432,12/11/2018,Found dead
SLAM433,3/29/2017,Used in experiment
SLAM434,8/21/2018,Found dead
181009,7/10/2019,"End of study, organs removed"
SLAM435,3/24/2017,"End of study, organs removed"
SLAM436,2/28/2019,Culled Per Vet
SLAM437,4/7/2017,"End of study, organs removed"
181013,6/15/2019,Found dead
SLAM438,1/11/2017,"End of study, organs removed"
SLAM439,1/11/2017,"End of study, organs removed"
SLAM440,1/11/2017,Used in experiment
181017,6/15/2017,Not in room
SLAM441,1/11/2017,"End of study, organs removed"
SLAM442,1/11/2017,"End of study, organs removed"
SLAM443,1/11/2017,"End of study, organs removed"
181021,1/11/2017,"End of study, organs removed"
SLAM444,12/3/2016,"End of study, organs removed"
SLAM445,12/3/2016,"End of study, organs removed"
SLAM446,12/3/2016,"End of study, organs removed"
181025,12/3/2016,"End of study, organs removed"
SLAM537,4/22/2018,Found dead
SLAM538,4/12/2017,Found dead
SLAM539,2/19/2019,Found dead
181049,2/19/2019,Found dead
SLAM540,3/23/2017,"End of study, organs removed"
SLAM541,3/28/2017,"End of study, organs removed"
SLAM542,1/31/2019,Found dead
181053,12/7/2018,Found dead
SLAM543,3/20/2017,Cage flood
SLAM544,3/20/2017,Cage flood
SLAM545,3/20/2017,Cage flood
181057,3/20/2017,Cage flood
SLAM546,2/26/2019,Per PI
SLAM547,10/15/2018,Used in experiment
SLAM548,3/28/2017,"End of study, organs removed"
181061,1/9/2019,Per PI
SLAM549,3/23/2017,"End of study, organs removed"
SLAM550,6/5/2018,Per PI
SLAM551,8/24/2019,Found dead
181065,6/12/2018,Not in room
SLAM552,3/29/2017,"End of study, organs removed"
SLAM553,3/17/2019,Found dead
SLAM554,9/12/2018,Found dead
181069,3/17/2019,Found dead
SLAM555,6/13/2018,Found dead
SLAM556,11/16/2018,Found dead
SLAM557,10/24/2018,Found dead
181073,10/20/2018,Found dead
SLAM558,3/23/2017,"End of study, organs removed"
SLAM559,6/4/2018,Found dead
SLAM560,10/1/2019,Not in room
181077,1/10/2019,Died during procedure
SLAM561,9/22/2018,Found dead
SLAM562,5/8/2019,Culled Per Vet
SLAM563,6/27/2019,Found dead
181081,1/10/2019,Found dead
SLAM564,3/29/2017,"End of study, organs removed"
SLAM565,3/23/2017,"End of study, organs removed"
SLAM566,3/23/2017,"End of study, organs removed"
181085,4/19/2018,Per PI
SLAM567,6/14/2018,Found dead
SLAM568,1/5/2019,Found dead
SLAM569,1/21/2019,Found dead
181089,6/6/2019,Found dead
SLAM570,3/29/2017,"End of study, organs removed"
SLAM571,3/29/2019,Found dead
SLAM572,3/29/2019,Found dead
181093,9/19/2018,Found dead
SLAM573,1/11/2017,"End of study, organs removed"
SLAM574,1/11/2017,"End of study, organs removed"
SLAM575,1/11/2017,Used in experiment
181097,6/8/2017,Not in room
SLAM576,1/11/2017,"End of study, organs removed"
SLAM577,1/11/2017,"End of study, organs removed"
SLAM578,1/11/2017,"End of study, organs removed"
181101,1/11/2017,"End of study, organs removed"
SLAM579,12/3/2016,"End of study, organs removed"
SLAM580,12/3/2016,"End of study, organs removed"
SLAM581,12/3/2016,"End of study, organs removed"
181105,12/3/2016,"End of study, organs removed"
SLAM492,9/30/2018,Found dead
SLAM493,5/8/2019,Culled Per Vet
SLAM494,5/31/2019,Found dead
181109,2/10/2019,Per PI
SLAM495,3/28/2017,"End of study, organs removed"
SLAM496,7/10/2018,DVR or Pathology
SLAM497,3/24/2017,"End of study, organs removed"
181113,11/21/2018,Found dead
SLAM498,4/19/2019,Per PI
SLAM499,12/23/2018,Found dead
SLAM500,3/23/2017,"End of study, organs removed"
181117,3/3/2019,Found dead
SLAM501,4/30/2019,Per PI
SLAM502,7/5/2019,Per PI
SLAM503,3/28/2017,"End of study, organs removed"
181121,3/20/2019,Found dead
SLAM504,3/23/2017,"End of study, organs removed"
SLAM505,3/29/2019,Found dead
SLAM506,6/21/2018,Found dead
181125,12/14/2018,Found dead
SLAM507,3/29/2017,"End of study, organs removed"
SLAM508,10/14/2018,Found dead
SLAM509,8/1/2018,Culled Per Vet
181129,9/4/2018,Culled Per Vet
SLAM510,2/19/2019,Culled Per Vet
SLAM511,12/4/2018,Culled Per Vet
SLAM512,7/9/2019,Used in experiment
181133,1/25/2019,Not in room
SLAM513,6/14/2018,Culled Per Vet
SLAM514,9/19/2018,Per PI
SLAM515,7/9/2019,"End of study, organs removed"
181137,7/9/2019,"End of study, organs removed"
SLAM516,12/27/2018,Found dead
SLAM517,3/23/2017,Used in experiment
SLAM518,7/10/2019,"End of study, organs removed"
181141,7/10/2019,"End of study, organs removed"
SLAM519,7/10/2019,"End of study, organs removed"
SLAM520,11/11/2018,Found dead
SLAM521,7/10/2019,"End of study, organs removed"
181145,7/10/2019,"End of study, organs removed"
SLAM522,2/1/2019,Per PI
SLAM523,3/29/2017,"End of study, organs removed"
SLAM524,7/10/2019,"End of study, organs removed"
181149,6/14/2018,Culled Per Vet
SLAM525,3/23/2017,Used in experiment
SLAM526,3/29/2017,"End of study, organs removed"
SLAM527,3/24/2019,Found dead
181153,3/28/2019,Per PI
SLAM528,1/11/2017,"End of study, organs removed"
SLAM529,1/11/2017,"End of study, organs removed"
SLAM530,1/11/2017,Used in experiment
181157,1/11/2017,Used in experiment
SLAM531,1/11/2017,"End of study, organs removed"
SLAM532,1/11/2017,"End of study, organs removed"
SLAM533,1/11/2017,"End of study, organs removed"
181161,1/11/2017,Used in experiment
SLAM534,12/3/2016,"End of study, organs removed"
SLAM535,12/3/2016,"End of study, organs removed"
SLAM536,12/3/2016,"End of study, organs removed"
181165,12/3/2016,"End of study, organs removed"
181351,5/20/2019,Found dead
SLAM584,10/1/2019,"End of study, organs removed"
SLAM583,5/23/2019,Found dead
SLAM582,3/29/2019,Not in room
SLAM585,12/4/2018,Culled Per Vet
SLAM586,4/12/2019,Found dead
SLAM587,7/23/2019,Other
181358,9/8/2019,Per PI
SLAM588,10/1/2019,"End of study, organs removed"
SLAM589,12/1/2017,Used in experiment
SLAM590,12/1/2017,Used in experiment
181362,10/9/2018,Culled Per Vet
SLAM591,12/1/2017,Used in experiment
SLAM592,11/4/2018,Found dead
SLAM593,10/1/2019,"End of study, organs removed"
181366,7/18/2019,Found dead
SLAM594,11/18/2018,Found dead
SLAM595,12/1/2017,Used in experiment
SLAM596,9/16/2019,Found dead
181370,7/15/2019,Culled Per Vet
SLAM597,1/9/2019,Culled Per Vet
SLAM598,5/1/2018,Found dead
SLAM599,5/23/2019,Culled Per Vet
181374,6/22/2019,Found dead
SLAM600,7/8/2019,Found dead
SLAM601,12/1/2017,Used in experiment
SLAM602,6/26/2018,Found dead
181378,10/1/2019,"End of study, organs removed"
SLAM603,12/1/2017,Used in experiment
SLAM604,10/1/2019,"End of study, organs removed"
SLAM605,12/1/2017,Used in experiment
181382,9/16/2019,Found dead
SLAM606,12/1/2017,Used in experiment
SLAM607,12/1/2017,Used in experiment
SLAM608,8/5/2019,Found dead
181386,10/2/2019,"End of study, organs removed"
SLAM609,10/19/2018,Culled Per Vet
SLAM610,10/2/2019,"End of study, organs removed"
SLAM611,10/2/2019,"End of study, organs removed"
181390,1/29/2019,Found dead
SLAM612,4/23/2019,Culled Per Vet
SLAM613,12/1/2017,Used in experiment
SLAM614,10/2/2019,"End of study, organs removed"
181394,8/31/2019,Found dead
SLAM615,10/1/2019,Not in room
SLAM616,11/14/2018,Culled Per Vet
SLAM617,8/2/2019,Per PI
181398,2/25/2019,Culled
SLAM618,8/20/2019,Culled Per Vet
SLAM619,10/2/2019,"End of study, organs removed"
SLAM620,10/23/2018,Culled Per Vet
181402,10/2/2019,"End of study, organs removed"
SLAM621,7/24/2019,Found dead
SLAM622,8/31/2018,Found dead
SLAM623,10/2/2019,"End of study, organs removed"
181406,10/2/2019,"End of study, organs removed"
SLAM624,12/31/2018,Found dead
SLAM625,12/7/2018,Not in room
SLAM626,3/11/2019,Not in room
181410,4/22/2019,Found dead
SLAM627,5/23/2019,Culled Per Vet
SLAM628,5/23/2019,Culled Per Vet
SLAM629,12/1/2017,Used in experiment
181414,6/29/2018,Per PI
SLAM630,1/14/2019,Found dead
SLAM631,5/28/2019,Per PI
SLAM632,4/19/2019,Found dead
181418,6/9/2017,Died during procedure
SLAM633,12/1/2017,Used in experiment
SLAM634,11/5/2018,Found dead
SLAM635,8/10/2019,Per PI
181422,7/19/2019,Found dead
SLAM636,9/20/2018,Found dead
SLAM637,3/25/2019,Per PI
SLAM638,3/24/2019,Found dead
181426,9/4/2018,Found dead
SLAM639,12/1/2017,Used in experiment
SLAM640,10/9/2018,Culled Per Vet
SLAM641,12/1/2017,Used in experiment
181430,3/14/2018,Found dead
SLAM642,10/1/2019,"End of study, organs removed"
SLAM643,10/1/2019,"End of study, organs removed"
SLAM644,3/25/2019,Culled Per Vet
181434,1/17/2019,Found dead
SLAM645,5/24/2019,Culled Per Vet
SLAM646,9/4/2019,Culled Per Vet
SLAM647,6/29/2019,Found dead
181438,10/1/2019,"End of study, organs removed"
SLAM648,2/23/2019,Found dead
SLAM649,6/1/2018,Found dead
SLAM650,11/20/2018,Found dead
181442,2/23/2019,Found dead
SLAM651,9/4/2019,Culled Per Vet
SLAM652,10/2/2019,"End of study, organs removed"
SLAM653,9/3/2019,Found dead
181446,10/2/2019,"End of study, organs removed"
SLAM654,3/15/2018,Found dead
SLAM655,8/6/2019,Per PI
SLAM656,11/29/2017,Used in experiment
181450,10/2/2019,"End of study, organs removed"
SLAM657,12/26/2018,Found dead
SLAM658,12/1/2017,Used in experiment
SLAM659,12/1/2017,Used in experiment
181454,8/21/2019,Found dead
SLAM660,9/5/2018,Culled Per Vet
SLAM661,7/20/2018,Culled Per Vet
SLAM662,12/1/2017,Used in experiment
181458,2/4/2019,Found dead
SLAM663,12/1/2017,Used in experiment
SLAM664,10/2/2019,Found dead
SLAM665,9/23/2019,Found dead
181462,9/6/2019,Culled Per Vet
SLAM666,3/9/2019,Found dead
SLAM667,12/11/2018,Found dead
SLAM668,12/1/2017,Used in experiment
181466,11/6/2018,Found dead
SLAM669,9/24/2018,Found dead
SLAM670,3/19/2019,Found dead
SLAM671,8/21/2018,Found dead
181470,4/22/2019,Found dead
SLAM672,4/6/2019,Found dead
SLAM673,10/1/2019,"End of study, organs removed"
SLAM674,6/29/2019,Found dead
181474,5/26/2019,Found dead
SLAM675,3/19/2019,Per PI
SLAM676,1/22/2019,Found dead
SLAM677,3/24/2019,Found dead
181478,8/28/2018,Found dead
SLAM678,6/15/2019,Found dead
SLAM679,8/12/2019,Culled Per Vet
SLAM680,4/27/2019,Found dead
181482,10/21/2018,Found dead
SLAM681,10/17/2018,Culled
SLAM682,11/30/2017,Used in experiment
SLAM683,12/27/2018,Culled Per Vet
181486,2/9/2019,Found dead
SLAM684,12/27/2018,Culled Per Vet
SLAM685,2/13/2019,Found dead
SLAM686,12/1/2017,Used in experiment
181490,9/18/2019,Culled Per Vet
SLAM687,6/12/2019,Culled Per Vet
SLAM688,12/1/2017,Used in experiment
SLAM689,7/4/2019,Found dead
181494,6/3/2019,Per PI
SLAM690,9/22/2019,Found dead
SLAM691,12/1/2017,Used in experiment
SLAM692,3/29/2019,Culled Per Vet
181498,7/22/2019,Found dead
SLAM693,9/16/2019,Found dead
SLAM694,12/1/2017,Used in experiment
SLAM695,10/19/2018,Found dead
181502,8/26/2019,Per PI
SLAM696,12/1/2017,Used in experiment
SLAM697,12/27/2018,Culled Per Vet
SLAM698,6/6/2019,Per PI
181506,2/11/2019,Culled Per Vet
SLAM699,4/7/2019,Found dead
SLAM700,12/1/2017,Used in experiment
SLAM701,2/26/2019,Per PI
181510,2/8/2019,Found dead
SLAM702,1/30/2018,Euthanized
SLAM703,12/12/2017,Found dead
SLAM704,8/12/2019,Found dead
181514,11/6/2018,Culled
SLAM705,2/1/2019,Found dead
SLAM706,5/10/2019,Culled Per Vet
SLAM707,2/24/2019,Found dead
181518,2/8/2019,Found dead
SLAM708,11/3/2018,Found dead
SLAM709,12/1/2017,Used in experiment
SLAM710,12/1/2017,Used in experiment
181522,3/23/2019,Found dead
SLAM711,8/18/2019,Found dead
SLAM712,12/1/2017,Used in experiment
SLAM713,3/4/2019,Culled Per Vet
181526,1/19/2019,Found dead
SLAM714,2/13/2019,Found dead
SLAM715,11/6/2018,Found dead
SLAM716,10/3/2018,Culled Per Vet
181530,11/23/2018,Found dead
SLAM717,12/1/2017,Used in experiment
SLAM718,4/22/2019,Found dead
SLAM719,10/1/2019,Not in room
181534,4/27/2019,Found dead
SLAM720,1/18/2019,Found dead
SLAM721,12/5/2017,"End of study, organs removed"
SLAM722,3/10/2019,Found dead
181538,7/23/2019,Per PI
SLAM723,12/2/2018,Found dead
SLAM724,2/5/2019,Found dead
SLAM725,12/5/2017,Used in experiment
181542,2/5/2019,Per PI
SLAM726,12/27/2018,Culled Per Vet
SLAM727,10/23/2018,Found dead
SLAM728,2/18/2019,Found dead
181546,8/5/2019,Found dead
SLAM729,4/9/2019,Culled Per Vet
SLAM730,12/5/2017,Used in experiment
SLAM731,3/16/2019,Found dead
181550,2/26/2019,Found dead
SLAM732,10/1/2019,"End of study, organs removed"
SLAM733,10/2/2018,Found dead
SLAM734,8/10/2019,Found dead
181554,7/17/2019,Found dead
SLAM735,11/18/2018,Found dead
SLAM736,12/5/2017,Used in experiment
SLAM737,8/21/2019,Culled Per Vet
181558,2/16/2019,Found dead
SLAM738,10/1/2019,Not in room
SLAM739,4/15/2019,Found dead
SLAM740,1/25/2019,Per PI
181562,4/2/2019,Found dead
SLAM741,11/18/2018,Found dead
SLAM742,6/30/2019,Found dead
SLAM743,1/10/2019,Culled Per Vet
181566,10/1/2019,Not in room
SLAM744,7/24/2019,Found dead
SLAM745,9/1/2019,Found dead
SLAM746,12/1/2017,Used in experiment
181570,10/2/2019,"End of study, organs removed"
SLAM747,11/26/2018,Found dead
SLAM748,11/15/2017,Per PI
SLAM749,12/1/2017,Used in experiment
181574,8/18/2019,Found dead
SLAM750,12/1/2017,Used in experiment
SLAM751,3/29/2019,Found dead
SLAM752,1/8/2019,Found dead
181578,3/8/2019,Culled Per Vet
SLAM753,12/1/2017,Used in experiment
SLAM754,9/24/2018,Per PI
SLAM755,12/1/2017,Used in experiment
181582,4/2/2019,Found dead
SLAM756,10/27/2018,Found dead
SLAM757,10/27/2018,Found dead
SLAM758,8/31/2018,Found dead
181586,10/1/2019,Not in room
SLAM759,7/29/2018,Found dead
SLAM760,10/4/2018,Culled Per Vet
SLAM761,8/7/2018,Found dead
181590,1/14/2019,Found dead
SLAM762,3/28/2019,Used in experiment
SLAM763,6/7/2018,Died during procedure
SLAM780,7/21/2019,Found dead
SLAM781,9/20/2019,Culled Per Vet
SLAM782,7/20/2019,Found dead
SLAM785,10/8/2019,Found dead
SLAM786,9/17/2019,Found dead
SLAM787,9/25/2019,Per PI
SLAM790,5/19/2019,Found dead
182031,1/15/2019,Found dead
SLAM793,4/9/2019,Culled Per Vet
182035,1/4/2018,Found dead
SLAM795,4/2/2019,Culled Per Vet
SLAM798,5/7/2019,Not in room
SLAM801,1/2/2019,Found dead
SLAM802,6/3/2019,Found dead
182047,11/8/2018,Found dead
SLAM804,1/29/2019,Found dead
SLAM806,1/2/2019,Culled Per Vet
SLAM764,3/28/2019,Used in experiment
182053,6/17/2018,Culled Per Vet
SLAM765,2/18/2019,Found dead
SLAM766,3/28/2019,Used in experiment
SLAM767,3/28/2019,Used in experiment
182057,9/22/2018,Found dead
SLAM768,3/28/2019,Used in experiment
SLAM769,9/18/2018,Found dead
SLAM770,3/28/2019,Used in experiment
182061,1/29/2019,Found dead
SLAM771,9/23/2018,Found dead
SLAM772,7/9/2018,Died during procedure
SLAM773,3/28/2019,Used in experiment
182065,3/28/2019,Used in experiment
SLAM774,3/28/2019,Used in experiment
SLAM775,3/28/2019,Used in experiment
SLAM776,7/30/2018,Found dead
SLAM778,2/10/2019,Found dead
SLAM779,10/4/2019,Culled Per Vet
182073,1/27/2019,Found dead
SLAM807,3/28/2019,Used in experiment
SLAM808,3/28/2019,Used in experiment
SLAM809,11/21/2018,Culled Per Vet
182077,6/1/2019,Found dead
SLAM825,9/5/2018,Found dead
SLAM827,9/26/2018,Not in room
182081,9/19/2019,Found dead
SLAM828,8/1/2019,Culled Per Vet
SLAM829,3/26/2019,Culled Per Vet
SLAM830,3/4/2019,Found dead
182085,5/6/2019,Found dead
SLAM831,6/6/2019,Found dead
SLAM832,8/4/2018,Found dead
SLAM833,10/1/2019,Not in room
182089,12/5/2018,Found dead
SLAM834,6/12/2019,Per PI
SLAM836,5/30/2019,Per PI
182093,5/9/2019,Per PI
SLAM838,8/16/2018,Found dead
SLAM839,2/24/2018,Found dead
SLAM840,5/5/2019,Found dead
SLAM841,2/28/2019,Culled Per Vet
SLAM842,6/25/2019,Died during procedure
SLAM843,7/4/2019,Found dead
182105,1/25/2019,Culled Per Vet
SLAM846,5/27/2019,Found dead
182109,5/9/2018,Found dead
SLAM851,8/23/2018,Found dead
182113,5/20/2019,Culled Per Vet
SLAM810,10/1/2019,Found dead
SLAM811,3/22/2019,Found dead
SLAM812,8/28/2019,Culled Per Vet
182117,6/7/2018,Found dead
SLAM813,9/18/2018,Not in room
SLAM814,3/28/2019,Used in experiment
SLAM815,3/28/2019,Used in experiment
182121,7/21/2019,Found dead
SLAM816,9/1/2019,Found dead
SLAM817,3/28/2019,Used in experiment
SLAM818,3/28/2019,Used in experiment
182125,11/21/2018,Culled Per Vet
SLAM819,3/28/2019,Used in experiment
SLAM820,3/28/2019,Used in experiment
SLAM821,5/6/2019,Found dead
182129,6/5/2018,Found dead
SLAM823,3/28/2019,Used in experiment
SLAM824,3/28/2019,Used in experiment
182133,10/8/2018,Found dead
SLAM852,3/28/2019,Used in experiment
SLAM853,10/29/2018,Died during procedure
SLAM854,4/19/2019,Found dead
SLAM855,10/4/2019,Culled Per Vet
SLAM856,3/28/2019,Used in experiment
SLAM857,3/28/2019,Unknown
SLAM858,3/28/2019,Used in experiment
SLAM859,3/28/2019,Used in experiment
SLAM860,9/14/2019,Per PI
182145,12/7/2018,Culled Per Vet
SLAM861,6/13/2018,Culled Per Vet
SLAM862,3/28/2019,Used in experiment
SLAM863,3/28/2019,Used in experiment
182149,5/7/2019,Found dead
SLAM864,3/28/2019,Used in experiment
SLAM865,3/28/2019,Used in experiment
SLAM866,6/18/2019,Per PI
182153,4/20/2018,Per PI
SLAM867,9/13/2019,Culled Per Vet
SLAM868,10/6/2019,Found dead
SLAM869,7/12/2019,Per PI
182157,7/12/2019,Culled Per Vet
SLAM870,2/9/2018,DVR or Pathology
SLAM871,4/27/2019,Found dead
SLAM873,9/13/2019,Found dead
SLAM874,9/6/2019,undefined
SLAM875,4/13/2019,Found dead
182165,4/27/2018,DVR or Pathology
SLAM876,6/12/2019,Found dead
SLAM879,4/22/2019,Per PI
182173,6/17/2019,Found dead
SLAM882,6/11/2019,Culled Per Vet
SLAM883,3/1/2019,Culled Per Vet
SLAM884,7/31/2019,Culled Per Vet
182177,1/10/2018,Per PI
SLAM885,10/23/2018,Culled Per Vet
SLAM886,6/6/2019,Died during procedure
SLAM887,4/19/2019,Found dead
182181,7/14/2019,Per PI
SLAM889,5/4/2019,Found dead
SLAM890,3/16/2018,Died during procedure
182185,10/3/2019,Culled Per Vet
SLAM891,8/14/2019,Found dead
182189,7/15/2019,Found dead
SLAM894,9/20/2019,Culled Per Vet
SLAM895,5/17/2019,undefined
SLAM896,4/9/2019,Found dead
182193,5/14/2019,Culled Per Vet
SLAM897,3/28/2019,Used in experiment
SLAM898,7/31/2018,Found dead
SLAM899,3/28/2019,Used in experiment
182197,3/20/2019,Found dead
SLAM900,3/28/2019,Used in experiment
SLAM901,3/28/2019,Used in experiment
SLAM902,7/1/2019,Found dead
182201,7/29/2019,Found dead
SLAM904,3/20/2019,Found dead
SLAM905,3/28/2019,Used in experiment
SLAM906,1/20/2019,Found dead
SLAM907,3/28/2019,Used in experiment
SLAM908,12/7/2018,Found dead
182209,2/23/2019,Found dead
SLAM910,3/28/2019,Used in experiment
SLAM911,2/7/2019,Died during procedure
182213,10/1/2019,Found dead
SLAM912,3/6/2019,Found dead
SLAM913,5/23/2018,Found dead
SLAM914,8/28/2019,Culled Per Vet
182217,2/28/2019,Found dead
SLAM915,6/12/2018,Found dead
SLAM916,12/14/2018,Found dead
SLAM918,11/19/2018,Culled Per Vet
SLAM919,4/5/2019,Found dead
SLAM920,4/19/2019,Found dead
182225,5/16/2019,Found dead
SLAM921,9/12/2019,Died during procedure
SLAM922,5/28/2019,Found dead
SLAM923,9/20/2019,Found dead
SLAM924,8/23/2019,Per PI
SLAM925,6/21/2019,Found dead
182233,1/8/2019,Found dead
SLAM927,10/1/2019,Not in room
SLAM928,9/6/2019,Culled Per Vet
SLAM929,9/12/2019,Found dead
182237,8/22/2019,Died during procedure
SLAM930,9/23/2019,Per PI
SLAM931,9/21/2019,Found dead
SLAM932,6/6/2019,Found dead
182241,3/6/2019,Found dead
SLAM935,6/26/2018,Found dead
SLAM939,3/26/2018,Culled Per Vet
SLAM940,6/11/2018,Found dead
SLAM1016,6/6/2019,Used in experiment
SLAM1017,6/6/2019,Used in experiment
SLAM1018,11/29/2018,"End of study, organs removed"
SLAM1019,3/10/2019,Found dead
SLAM1020,6/6/2019,Used in experiment
SLAM1021,11/29/2018,"End of study, organs removed"
183031,6/6/2019,Used in experiment
SLAM1022,6/6/2019,Used in experiment
SLAM1023,3/18/2019,Per PI
SLAM1024,11/29/2018,"End of study, organs removed"
183035,1/17/2019,Culled Per Vet
SLAM1025,11/29/2017,Found dead
SLAM1026,6/7/2019,Used in experiment
SLAM1027,6/7/2019,Used in experiment
SLAM1028,6/7/2019,Used in experiment
SLAM1029,11/29/2018,"End of study, organs removed"
SLAM1030,6/7/2019,Used in experiment
183043,8/28/2019,Culled Per Vet
SLAM1031,6/7/2019,Used in experiment
SLAM1033,11/29/2018,"End of study, organs removed"
SLAM1034,9/11/2019,Culled Per Vet
SLAM1035,5/8/2019,Culled Per Vet
SLAM1036,11/28/2018,"End of study, organs removed"
183051,9/14/2019,Found dead
SLAM1038,7/8/2019,Found dead
SLAM1039,4/2/2019,Culled Per Vet
SLAM1040,11/28/2018,Per PI
SLAM1042,9/20/2019,Found dead
SLAM1043,11/28/2018,"End of study, organs removed"
SLAM1044,8/13/2019,Found dead
SLAM1045,2/10/2019,Per PI
SLAM1046,11/28/2018,"End of study, organs removed"
183063,10/1/2019,Not in room
SLAM1049,11/28/2018,"End of study, organs removed"
183067,6/18/2019,Found dead
SLAM1050,5/14/2019,Culled Per Vet
SLAM1052,4/15/2019,Culled Per Vet
183071,7/15/2019,Found dead
SLAM1053,6/6/2019,Used in experiment
SLAM1054,6/6/2019,Used in experiment
SLAM1055,11/29/2018,"End of study, organs removed"
183077,9/4/2019,Found dead
SLAM1056,11/29/2018,"End of study, organs removed"
SLAM1057,6/6/2019,Used in experiment
SLAM1058,6/6/2019,Used in experiment
SLAM1059,5/24/2019,Found dead
SLAM1061,9/24/2019,Found dead
SLAM1062,11/29/2018,"End of study, organs removed"
SLAM1063,6/7/2019,Used in experiment
SLAM1064,12/14/2018,Found dead
183089,5/27/2019,Found dead
SLAM1065,11/29/2018,"End of study, organs removed"
SLAM1066,6/7/2019,Used in experiment
SLAM1067,6/7/2019,Used in experiment
183093,9/13/2019,Culled Per Vet
SLAM1068,11/29/2018,"End of study, organs removed"
SLAM1069,6/7/2019,Used in experiment
SLAM1072,11/28/2018,"End of study, organs removed"
SLAM1075,11/27/2018,Found dead
SLAM1076,9/4/2019,Not in room
183105,9/4/2019,Died during procedure
SLAM1077,9/8/2017,Per PI
SLAM1078,9/8/2017,Per PI
SLAM1079,12/12/2018,Found dead
183109,9/8/2017,Per PI
SLAM1080,11/28/2018,"End of study, organs removed"
SLAM1081,7/22/2018,Found dead
SLAM1082,8/9/2019,Culled Per Vet
SLAM1083,10/1/2019,Not in room
SLAM1084,6/25/2019,Found dead
SLAM1085,11/28/2018,"End of study, organs removed"
183117,9/4/2019,Found dead
SLAM1087,10/3/2019,Found dead
SLAM1088,8/12/2019,Found dead
183121,8/5/2019,Per PI
SLAM1089,7/21/2019,Found dead
SLAM942,11/30/2018,"End of study, organs removed"
SLAM943,6/7/2019,Used in experiment
SLAM944,6/7/2019,Used in experiment
183167,2/6/2019,Found dead
SLAM945,3/16/2019,Culled Per Vet
SLAM946,11/29/2018,"End of study, organs removed"
SLAM947,5/29/2019,Found dead
183171,6/7/2019,Used in experiment
SLAM948,10/1/2019,Not in room
SLAM949,6/5/2019,Used in experiment
SLAM950,11/29/2018,"End of study, organs removed"
SLAM951,6/5/2019,Used in experiment
SLAM952,11/29/2018,"End of study, organs removed"
SLAM953,6/5/2019,Used in experiment
183179,12/18/2018,Found dead
SLAM954,5/7/2019,Found dead
SLAM955,6/5/2019,Used in experiment
SLAM956,6/5/2019,Used in experiment
183183,5/9/2019,Found dead
SLAM957,5/31/2019,Per PI
SLAM958,11/27/2018,"End of study, organs removed"
SLAM959,3/7/2019,Died during procedure
183187,10/1/2019,Found dead
SLAM961,5/11/2019,Found dead
SLAM962,11/27/2018,"End of study, organs removed"
SLAM965,10/2/2019,Found dead
SLAM966,8/21/2019,Found dead
SLAM967,6/17/2019,Found dead
SLAM968,11/27/2018,"End of study, organs removed"
SLAM969,9/26/2019,Found dead
SLAM970,6/23/2019,Found dead
SLAM971,11/27/2018,"End of study, organs removed"
SLAM972,2/12/2019,Found dead
SLAM974,11/27/2018,"End of study, organs removed"
SLAM976,11/9/2017,Found dead
SLAM978,6/20/2019,Found dead
183213,9/19/2019,Found dead
SLAM979,6/5/2019,Used in experiment
SLAM980,6/5/2019,Used in experiment
SLAM981,11/29/2018,"End of study, organs removed"
183217,3/21/2018,Found dead
SLAM982,5/21/2019,Culled Per Vet
SLAM983,6/5/2019,Used in experiment
SLAM984,11/29/2018,"End of study, organs removed"
SLAM985,6/5/2019,Used in experiment
SLAM987,11/29/2018,"End of study, organs removed"
183225,3/7/2018,Found dead
SLAM988,6/7/2019,Used in experiment
SLAM989,6/7/2019,Used in experiment
SLAM990,10/1/2019,Not in room
183229,10/4/2019,Found dead
SLAM991,10/31/2018,Per PI
SLAM992,11/29/2018,"End of study, organs removed"
SLAM993,6/7/2019,Used in experiment
183233,3/4/2019,Found dead
SLAM994,6/7/2019,Used in experiment
SLAM995,3/16/2019,Culled Per Vet
SLAM996,11/27/2018,"End of study, organs removed"
SLAM999,11/27/2018,"End of study, organs removed"
SLAM1000,9/27/2019,Found dead
SLAM1001,1/8/2019,Not in room
SLAM1004,2/11/2019,Culled Per Vet
SLAM1005,11/27/2018,"End of study, organs removed"
183249,6/2/2018,Found dead
SLAM1006,11/27/2018,"End of study, organs removed"
183253,6/17/2019,Found dead
SLAM1011,11/27/2018,"End of study, organs removed"
SLAM1014,2/22/2019,Found dead
SLAM1015,8/28/2019,Found dead
SLAM1092,8/30/2019,Found dead
SLAM1093,4/6/2019,Found dead
183513,1/28/2019,Culled Per Vet
SLAM1097,3/8/2019,Culled Per Vet
183519,9/4/2019,Found dead
SLAM1103,9/25/2019,Per PI
SLAM1106,7/8/2019,Culled Per Vet
SLAM1107,4/27/2019,Culled Per Vet
SLAM1113,12/6/2018,Found dead
SLAM1118,11/30/2018,Found dead
SLAM1119,8/8/2019,Found dead
SLAM1130,4/12/2019,Culled Per Vet
183566,3/19/2019,Found dead
SLAM1137,5/3/2019,Per PI
SLAM1142,10/11/2018,Found dead
183576,6/11/2019,Found dead
SLAM1145,6/26/2018,Culled Per Vet
SLAM1146,6/25/2019,Found dead
183580,3/1/2018,Found dead
SLAM1147,9/3/2019,Found dead
183584,8/28/2019,Found dead
SLAM1154,3/23/2019,Found dead
183594,8/13/2019,Found dead
SLAM1158,10/3/2019,Found dead
SLAM1254,7/21/2018,Found dead
183601,3/13/2019,Found dead
SLAM1160,9/13/2019,Culled Per Vet
SLAM1161,2/23/2018,Died during procedure
SLAM1162,10/1/2019,Found dead
SLAM1164,6/25/2019,Found dead
SLAM1165,7/11/2019,Found dead
SLAM1167,3/23/2019,Found dead
SLAM1170,11/10/2018,Found dead
183617,4/8/2018,Found dead
183621,9/10/2019,Found dead
SLAM1175,9/6/2019,undefined
SLAM1177,8/9/2019,Culled Per Vet
SLAM1178,10/3/2019,Culled Per Vet
SLAM1180,8/6/2019,Found dead
SLAM1183,8/10/2019,Found dead
183636,6/22/2019,Found dead
SLAM1188,10/3/2019,Culled Per Vet
SLAM1189,6/4/2019,Found dead
SLAM1190,10/4/2019,Culled Per Vet
SLAM1191,3/8/2019,Culled Per Vet
SLAM1192,8/22/2018,Per PI
SLAM1194,10/3/2019,Culled Per Vet
SLAM1196,10/4/2019,Culled Per Vet
SLAM1198,7/15/2019,Found dead
SLAM1200,4/2/2019,Found dead
SLAM1201,8/7/2019,Found dead
SLAM1202,5/28/2018,Found dead
183660,9/23/2019,Found dead
SLAM1207,9/21/2019,Found dead
SLAM1209,9/21/2019,Found dead
SLAM1212,11/21/2018,Culled Per Vet
SLAM1215,11/18/2017,Found dead
SLAM1218,9/16/2019,Found dead
SLAM1219,5/26/2019,Found dead
SLAM1220,12/27/2018,Found dead
SLAM1221,7/2/2019,Found dead
SLAM1225,8/29/2018,Found dead
SLAM1226,10/5/2019,Found dead
183694,6/1/2019,Found dead
SLAM1233,6/9/2019,Found dead
SLAM1234,9/12/2019,Culled Per Vet
SLAM1235,7/9/2019,Found dead
SLAM1236,9/11/2019,Culled Per Vet
183706,6/2/2019,Found dead
183714,2/9/2019,Found dead
SLAM1253,9/25/2019,Found dead
183728,7/20/2019,Found dead
SLAM1394,8/20/2019,Used in experiment
SLAM1395,8/22/2019,Used in experiment
SLAM1398,8/20/2019,Used in experiment
SLAM1399,8/23/2019,Used in experiment
SLAM1400,8/20/2019,Used in experiment
183988,9/19/2019,Culled Per Vet
SLAM1406,8/22/2019,Used in experiment
SLAM1407,11/13/2018,Died during procedure
SLAM1408,8/22/2019,Used in experiment
SLAM1409,8/22/2019,Used in experiment
SLAM1410,5/24/2019,Found dead
SLAM1412,8/22/2019,Used in experiment
SLAM1413,8/22/2019,Used in experiment
SLAM1414,8/22/2019,Used in experiment
SLAM1417,10/8/2019,Found dead
SLAM1419,7/17/2018,Died during procedure
184015,2/22/2019,DVR or Pathology
184016,1/10/2018,Found dead
SLAM1431,4/17/2019,Found dead
184028,10/4/2019,Not in room
184032,8/30/2019,Found dead
SLAM1436,8/4/2019,Found dead
SLAM1437,7/25/2019,Found dead
SLAM1352,8/20/2019,Used in experiment
SLAM1353,8/23/2019,Used in experiment
SLAM1355,8/22/2019,Used in experiment
SLAM1360,4/27/2019,Found dead
184051,8/31/2019,Found dead
SLAM1361,8/22/2019,Used in experiment
SLAM1362,8/22/2019,Used in experiment
SLAM1363,6/20/2019,Found dead
SLAM1365,7/5/2019,Culled Per Vet
SLAM1367,8/22/2019,Used in experiment
SLAM1370,8/22/2019,Used in experiment
SLAM1371,8/22/2019,Used in experiment
SLAM1374,6/21/2019,Culled Per Vet
SLAM1375,6/21/2019,Culled Per Vet
SLAM1378,1/2/2019,Culled Per Vet
SLAM1382,8/28/2019,Found dead
SLAM1388,6/21/2019,Culled Per Vet
184091,5/11/2019,Found dead
SLAM1391,8/7/2019,Culled Per Vet
SLAM1393,1/14/2019,Culled Per Vet
SLAM1300,8/20/2019,Used in experiment
SLAM1301,8/22/2019,Used in experiment
SLAM1303,8/20/2019,Used in experiment
SLAM1304,8/22/2019,Used in experiment
SLAM1306,8/20/2019,Used in experiment
SLAM1307,9/4/2019,undefined
SLAM1310,7/19/2019,Found dead
SLAM1312,8/22/2019,Used in experiment
SLAM1313,8/22/2019,Used in experiment
SLAM1315,8/22/2019,Used in experiment
SLAM1316,8/22/2019,Used in experiment
184119,8/28/2019,Found dead
SLAM1318,8/22/2019,Used in experiment
SLAM1319,11/27/2018,Found dead
184123,6/2/2019,Found dead
SLAM1322,4/29/2019,Culled Per Vet
SLAM1328,7/23/2019,Found dead
SLAM1333,5/11/2019,Found dead
SLAM1334,10/4/2019,Not in room
SLAM1335,10/4/2019,Not in room
SLAM1336,12/13/2018,Found dead
SLAM1338,5/6/2019,Found dead
184147,5/11/2019,Found dead
SLAM1340,8/22/2019,Found dead
184151,10/22/2018,Culled Per Vet
SLAM1342,8/9/2019,Found dead
SLAM1257,8/20/2019,Used in experiment
SLAM1258,8/22/2019,Used in experiment
SLAM1260,8/11/2019,Found dead
SLAM1261,8/23/2019,Used in experiment
SLAM1262,9/23/2019,Found dead
SLAM1263,7/8/2019,Found dead
SLAM1265,6/4/2019,Found dead
SLAM1269,8/22/2019,Used in experiment
SLAM1270,8/20/2019,Used in experiment
184180,11/13/2018,Found dead
SLAM1272,8/22/2019,Used in experiment
SLAM1273,8/22/2019,Used in experiment
184184,8/27/2019,Per PI
SLAM1275,8/22/2019,Used in experiment
SLAM1278,8/22/2019,Used in experiment
SLAM1281,10/4/2019,Culled Per Vet
184200,8/29/2019,Found dead
SLAM1290,2/17/2019,Found dead
SLAM1295,8/6/2019,Found dead
SLAM1297,7/3/2019,Found dead
SLAM1460,9/26/2019,Found dead
SLAM1509,9/7/2019,Found dead
SLAM1528,7/8/2019,Found dead
185824,6/27/2019,Died during procedure
SLAM1579,9/7/2019,Found dead
SLAM1580,9/27/2019,Found dead
SLAM1594,8/25/2019,Found dead
SLAM1615,8/28/2019,Found dead
SLAM1647,6/15/2019,Per PI
186529,8/17/2019,Found dead
